"","genus","species","reference_no","subfamily","Tribe","Genus","Fossil","min_ma","max_ma","Notes"
"1","Agroecomyrmex","duisburgi",44414,"Agroecomyrmecinae","None","Agroecomyrmex","Yes",33.9,38,"Note"
"2","Eulithomyrmex","rugosus",4971,"Agroecomyrmecinae","None","Eulithomyrmex","Yes",33.9,37.2,"Note"
"3","Eulithomyrmex","striatus",4971,"Agroecomyrmecinae","None","Eulithomyrmex","Yes",33.9,37.2,"Note"
"4","Ambyloponinae",NA,59088,"Ambyloponinae","None","None","Yes",20.44,23.03,"Note"
"5","Amblyoponini",NA,53165,"Ambyloponinae","Amblyoponini","Amblyoponini","Yes",20.44,23.03,"Note"
"6","Casaleia","eocenica",43781,"Ambyloponinae","None","Casaleia","Yes",40.4,48.6,"Note"
"7","Casaleia","inversa",41286,"Ambyloponinae","None","Casaleia","Yes",5.333,15.97,"Note"
"8","Casaleia","longiventris",37344,"Ambyloponinae","None","Casaleia","Yes",11.608,12.7,"Note"
"9","Casaleia","orientalis",56094,"Ambyloponinae","None","Casaleia","Yes",33.9,38,"Note"
"10","Myopopone","sinensis",16579,"Ambyloponinae","None","Myopopone","Yes",11.608,15.97,"Note"
"11","Stigmatomma","electrina",44602,"Ambyloponinae","None","Stigmatomma","Yes",33.9,38,"Note"
"12","Stigmatomma","groehni",44602,"Ambyloponinae","None","Stigmatomma","Yes",33.9,38,"Note"
"13","Aneuretellus","deformis",44404,"Aneuretinae","None","Aneuretellus","Yes",41.3,47.8,"Note"
"14","Britaneuretus","anglicus",37729,"Aneuretinae","None","Britaneuretus","Yes",33.9,38,"Note"
"15","Burmomyrma","rossi",39313,"Aneuretinae","None","Burmomyrma","Yes",93.5,99.6,"Note"
"16","Cananeuretus","occidentalis",36535,"Aneuretinae","None","Cananeuretus","Yes",70.6,83.5,"Note"
"17","Mianeuretus",NA,44418,"Aneuretinae","None","Mianeuretus","Yes",46.2,50.3,"Note"
"18","Mianeuretus","eocenicus",44418,"Aneuretinae","None","Mianeuretus","Yes",46.2,50.3,"Note"
"19","Mianeuretus","mirabilis",4971,"Aneuretinae","None","Mianeuretus","Yes",33.9,37.2,"Note"
"20","Paraneuretus","dubovikoffi",56094,"Aneuretinae","None","Paraneuretus","Yes",33.9,38,"Note"
"21","Paraneuretus","longicornis",40999,"Aneuretinae","None","Paraneuretus","Yes",33.9,38,"Note"
"22","Paraneuretus","tornquisti",40999,"Aneuretinae","None","Paraneuretus","Yes",33.9,38,"Note"
"23","Pityomyrmex","tornquisti",40999,"Aneuretinae","None","Pityomyrmex","Yes",33.9,38,"Note"
"24","Protaneuretus","succineus",40999,"Aneuretinae","None","Protaneuretus","Yes",33.9,38,"Note"
"25","Archaeopone","kzylzharica",37059,"Armaniinae","None","Archaeopone","Yes",89.8,93.9,"Note"
"26","Archaeopone","taylori",35238,"Armaniinae","None","Archaeopone","Yes",70.6,83.5,"Note"
"27","Armania",NA,39728,"Armaniinae","None","Armania","Yes",89.8,93.9,"Note"
"28","Armania","capitata",39728,"Armaniinae","None","Armania","Yes",89.8,93.9,"Note"
"29","Armania","curiosa",35238,"Armaniinae","None","Armania","Yes",70.6,83.5,"Note"
"30","Armania","pristina",39728,"Armaniinae","None","Armania","Yes",89.8,93.9,"Note"
"31","Armania","robusta",35238,"Armaniinae","None","Armania","Yes",70.6,83.5,"Stem Ant?"
"32","Dolichomyrma","latipes",37059,"Armaniinae","None","Dolichomyrma","Yes",89.8,93.9,"Note"
"33","Dolichomyrma","longiceps",37059,"Armaniinae","None","Dolichomyrma","Yes",89.8,93.9,"Note"
"34","Khetania","mandibulata",39728,"Armaniinae","None","Khetania","Yes",89.8,93.9,"Note"
"35","Orapia","minor",38353,"Armaniinae","None","Orapia","Yes",89.8,93.9,"Note"
"36","Orapia","rayneri",38353,"Armaniinae","None","Orapia","Yes",89.8,93.9,"Note"
"37","Poneropterus","sphecoides",35238,"Armaniinae","None","Poneropterus","Yes",70.6,83.5,"Note"
"38","Pseudarmania","aberrans",35238,"Armaniinae","None","Pseudarmania","Yes",70.6,83.5,"Stem Ant?"
"39","Pseudarmania","rasnitsyni",35238,"Armaniinae","None","Pseudarmania","Yes",70.6,83.5,"Stem Ant?"
"40","Brownimecia","clavata",5815,"Brownimeciinae","","Brownimecia","Yes",89.8,93.9,"Note"
"41","Alloiomma","changweiensis",16579,"Dolichoderinae","None","Alloiomma","Yes",11.608,15.97,"Note"
"42","Alloiomma","differentialis",36942,"Dolichoderinae","None","Alloiomma","Yes",11.608,15.97,"Note"
"43","Asymphylomyrmex","balticus",40999,"Dolichoderinae","None","Asymphylomyrmex","Yes",33.9,38,"Note"
"44","Azteca",NA,49381,"Dolichoderinae","","Azteca","Yes",15.97,23.03,"Note"
"45","Azteca","alpha",5207,"Dolichoderinae","","Azteca","Yes",13.82,20.44,"Note"
"46","Azteca","eumeces",5207,"Dolichoderinae","","Azteca","Yes",13.82,20.44,"Note"
"47","Chronomyrmex","medicinehatensis",47972,"Dolichoderinae","None","Chronomyrmex","Yes",70.6,83.5,"Note"
"48","Ctenobethylus","goepperti",38999,"Dolichoderinae","None","Ctenobethylus","Yes",28.4,33.9,"Note"
"49","Dolichoderinae",NA,34859,"Dolichoderinae","None","None","Yes",5.333,7.246,"Note"
"50","Dolichoderus",NA,8673,"Dolichoderinae","None","Dolichoderus","Yes",5.333,55.8,"Note"
"51","Dolichoderus","Hypoclinea",44557,"Dolichoderinae","None","Dolichoderus","Yes",33.9,38,"Note"
"52","Dolichoderus","affectus",38999,"Dolichoderinae","None","Dolichoderus","Yes",28.4,33.9,"Note"
"53","Dolichoderus","antiquus",4971,"Dolichoderinae","None","Dolichoderus","Yes",33.9,37.2,"Note"
"54","Dolichoderus","balticus",38999,"Dolichoderinae","None","Dolichoderus","Yes",23.03,28.1,"Note"
"55","Dolichoderus","brevicornis",44557,"Dolichoderinae","None","Dolichoderus","Yes",33.9,38,"Note"
"56","Dolichoderus","brevipalpis",44558,"Dolichoderinae","None","Dolichoderus","Yes",33.9,38,"Note"
"57","Dolichoderus","brevipennis",44558,"Dolichoderinae","None","Dolichoderus","Yes",33.9,38,"Note"
"58","Dolichoderus","bruneti",38999,"Dolichoderinae","None","Dolichoderus","Yes",28.4,33.9,"Note"
"59","Dolichoderus","caribbaeus",5207,"Dolichoderinae","None","Dolichoderus","Yes",13.82,20.44,"Note"
"60","Dolichoderus","coquandi",38999,"Dolichoderinae","None","Dolichoderus","Yes",28.4,33.9,"Note"
"61","Dolichoderus","cornutus",44414,"Dolichoderinae","None","Dolichoderus","Yes",33.9,38,"Note"
"62","Dolichoderus","dibolius",5207,"Dolichoderinae","None","Dolichoderus","Yes",13.82,20.44,"Note"
"63","Dolichoderus","dlusskyi",55770,"Dolichoderinae","None","Dolichoderus","Yes",41.3,47.8,"Note"
"64","Dolichoderus","elegans",40999,"Dolichoderinae","None","Dolichoderus","Yes",33.9,38,"Note"
"65","Dolichoderus","evolans",16579,"Dolichoderinae","None","Dolichoderus","Yes",11.608,15.97,"Note"
"66","Dolichoderus","explicans",38738,"Dolichoderinae","None","Dolichoderus","Yes",28.4,33.9,"Note"
"67","Dolichoderus","granulinotus",44558,"Dolichoderinae","None","Dolichoderus","Yes",33.9,38,"Note"
"68","Dolichoderus","heeri",51760,"Dolichoderinae","None","Dolichoderus","Yes",11.608,12.7,"Note"
"69","Dolichoderus","jiaoyanshanensis",16579,"Dolichoderinae","None","Dolichoderus","Yes",11.608,15.97,"Note"
"70","Dolichoderus","kohlsi",44418,"Dolichoderinae","None","Dolichoderus","Yes",46.2,50.3,"Note"
"71","Dolichoderus","kutscheri",44558,"Dolichoderinae","None","Dolichoderus","Yes",33.9,38,"Note"
"72","Dolichoderus","kutschlinicus",44564,"Dolichoderinae","None","Dolichoderus","Yes",33.9,37.2,"Note"
"73","Dolichoderus","lacinius",16579,"Dolichoderinae","None","Dolichoderus","Yes",11.608,15.97,"Note"
"74","Dolichoderus","longipennis",44414,"Dolichoderinae","None","Dolichoderus","Yes",33.9,38,"Note"
"75","Dolichoderus","longipilosus",44557,"Dolichoderinae","None","Dolichoderus","Yes",33.9,38,"Note"
"76","Dolichoderus","lucidus",44558,"Dolichoderinae","None","Dolichoderus","Yes",33.9,38,"Note"
"77","Dolichoderus","luridivenosus",36942,"Dolichoderinae","None","Dolichoderus","Yes",11.608,15.97,"Note"
"78","Dolichoderus","mesosternalis",40999,"Dolichoderinae","None","Dolichoderus","Yes",33.9,38,"Note"
"79","Dolichoderus","nanus",44557,"Dolichoderinae","None","Dolichoderus","Yes",33.9,38,"Note"
"80","Dolichoderus","obliteratus",39765,"Dolichoderinae","None","Dolichoderus","Yes",23.03,33.9,"Note"
"81","Dolichoderus","oviformis",38999,"Dolichoderinae","None","Dolichoderus","Yes",33.9,37.2,"Note"
"82","Dolichoderus","passalomma",40999,"Dolichoderinae","None","Dolichoderus","Yes",33.9,38,"Note"
"83","Dolichoderus","perkovskyi",44558,"Dolichoderinae","None","Dolichoderus","Yes",33.9,38,"Note"
"84","Dolichoderus","pilipes",44558,"Dolichoderinae","None","Dolichoderus","Yes",33.9,38,"Note"
"85","Dolichoderus","pinguis",56094,"Dolichoderinae","None","Dolichoderus","Yes",33.9,38,"Note"
"86","Dolichoderus","polessus",44557,"Dolichoderinae","None","Dolichoderus","Yes",33.9,38,"Note"
"87","Dolichoderus","polonicus",44557,"Dolichoderinae","None","Dolichoderus","Yes",33.9,38,"Note"
"88","Dolichoderus","primitivus",5207,"Dolichoderinae","None","Dolichoderus","Yes",13.82,20.44,"Note"
"89","Dolichoderus","prolaminatus",5207,"Dolichoderinae","None","Dolichoderus","Yes",13.82,20.44,"Note"
"90","Dolichoderus","punctatus",44558,"Dolichoderinae","None","Dolichoderus","Yes",33.9,38,"Note"
"91","Dolichoderus","robustus",44557,"Dolichoderinae","None","Dolichoderus","Yes",33.9,38,"Note"
"92","Dolichoderus","rohweri",4971,"Dolichoderinae","None","Dolichoderus","Yes",33.9,37.2,"Note"
"93","Dolichoderus","sculpturatus",44414,"Dolichoderinae","None","Dolichoderus","Yes",33.9,38,"Note"
"94","Dolichoderus","tauricus",41286,"Dolichoderinae","None","Dolichoderus","Yes",13.82,15.97,"Note"
"95","Dolichoderus","tertiarius",44414,"Dolichoderinae","None","Dolichoderus","Yes",33.9,38,"Note"
"96","Dolichoderus","transversipetiolaris",36942,"Dolichoderinae","None","Dolichoderus","Yes",11.608,15.97,"Note"
"97","Dolichoderus","vectensis",5061,"Dolichoderinae","None","Dolichoderus","Yes",33.9,38,"Note"
"98","Dolichoderus","vexillarius",40999,"Dolichoderinae","None","Dolichoderus","Yes",33.9,38,"Note"
"99","Dolichoderus","vlaskini",44558,"Dolichoderinae","None","Dolichoderus","Yes",33.9,38,"Note"
"100","Dolichoderus","zherichini",44578,"Dolichoderinae","None","Dolichoderus","Yes",33.9,38,"Note"
"101","Elaeomyrmex","coloradensis",4971,"Dolichoderinae","None","Elaeomyrmex","Yes",33.9,37.2,"Note"
"102","Elaeomyrmex","gracilis",4971,"Dolichoderinae","None","Elaeomyrmex","Yes",33.9,37.2,"Note"
"103","Elaphrodites","mutatus",16579,"Dolichoderinae","None","Elaphrodites","Yes",11.608,15.97,"Note"
"104","Elaphrodites","scutulatus",16579,"Dolichoderinae","None","Elaphrodites","Yes",11.608,15.97,"Note"
"105","Eldermyrmex","oblongiceps",40999,"Dolichoderinae","None","Eldermyrmex","Yes",33.9,38,"Note"
"106","Electromyrmex","klebsi",40999,"Dolichoderinae","None","Electromyrmex","Yes",33.9,38,"Note"
"107","Emplastus","antiquus",37730,"Dolichoderinae","None","Emplastus","Yes",11.608,12.7,"Note"
"108","Emplastus","biamoensis",56094,"Dolichoderinae","None","Emplastus","Yes",33.9,38,"Note"
"109","Emplastus","britannicus",37729,"Dolichoderinae","None","Emplastus","Yes",33.9,38,"Note"
"110","Emplastus","dubius",51760,"Dolichoderinae","None","Emplastus","Yes",11.608,12.7,"Note"
"111","Emplastus","elongatus",56094,"Dolichoderinae","None","Emplastus","Yes",33.9,38,"Note"
"112","Emplastus","gurnetensis",5061,"Dolichoderinae","None","Emplastus","Yes",33.9,38,"Note"
"113","Emplastus","haueri",37730,"Dolichoderinae","None","Emplastus","Yes",11.608,12.7,"Note"
"114","Emplastus","hypolithus",37729,"Dolichoderinae","None","Emplastus","Yes",33.9,38,"Note"
"115","Emplastus","kozlovi",51861,"Dolichoderinae","None","Emplastus","Yes",33.9,38,"Note"
"116","Emplastus","macrops",56094,"Dolichoderinae","None","Emplastus","Yes",33.9,38,"Note"
"117","Emplastus","miocenicus",51760,"Dolichoderinae","None","Emplastus","Yes",11.608,12.7,"Note"
"118","Emplastus","ocellus",37344,"Dolichoderinae","None","Emplastus","Yes",11.608,12.7,"Note"
"119","Eotapinoma","compacta",44404,"Dolichoderinae","None","Eotapinoma","Yes",41.3,47.8,"Note"
"120","Eotapinoma","gracilis",44404,"Dolichoderinae","None","Eotapinoma","Yes",41.3,47.8,"Note"
"121","Eotapinoma","macalpini",38952,"Dolichoderinae","None","Eotapinoma","Yes",70.6,83.5,"Note"
"122","Eurymyrmex","geologicus",36942,"Dolichoderinae","None","Eurymyrmex","Yes",11.608,15.97,"Note"
"123","Forelius",NA,49381,"Dolichoderinae","None","Forelius","Yes",15.97,23.03,"Note"
"124","Gracilidris","humiloides",5207,"Dolichoderinae","None","Gracilidris","Yes",13.82,20.44,"Note"
"125","Iridomyrmex",NA,38990,"Dolichoderinae","None","Iridomyrmex","Yes",38,41.3,"Note"
"126","Iridomyrmex","shandongicus",16579,"Dolichoderinae","None","Iridomyrmex","Yes",11.608,15.97,"Note"
"127","Kotshkorkia","laticeps",41286,"Dolichoderinae","None","Kotshkorkia","Yes",5.333,15.97,"Note"
"128","Ktunaxia","jucunda",55770,"Dolichoderinae","None","Ktunaxia","Yes",41.3,47.8,"Note"
"129","Leptomyrmex","neotropicus",5207,"Dolichoderinae","None","Leptomyrmex","Yes",13.82,20.44,"Note"
"130","Leptomyrmula","maravignae",44518,"Dolichoderinae","None","Leptomyrmula","Yes",5.333,11.608,"Note"
"131","Linepithema",NA,55004,"Dolichoderinae","None","Linepithema","Yes",13.82,20.44,"Note"
"132","Liometopum",NA,38709,"Dolichoderinae","None","Liometopum","Yes",11.608,12.7,"Note"
"133","Liometopum","bogdassarovi",56276,"Dolichoderinae","None","Liometopum","Yes",33.9,38,"Note"
"134","Liometopum","eremicum",16579,"Dolichoderinae","None","Liometopum","Yes",11.608,15.97,"Note"
"135","Liometopum","imhoffii",37344,"Dolichoderinae","None","Liometopum","Yes",11.608,12.7,"Note"
"136","Liometopum","incognitum",56094,"Dolichoderinae","None","Liometopum","Yes",33.9,38,"Note"
"137","Liometopum","lubricum",36942,"Dolichoderinae","None","Liometopum","Yes",11.608,15.97,"Note"
"138","Liometopum","miocenicum",4971,"Dolichoderinae","None","Liometopum","Yes",33.9,37.2,"Note"
"139","Liometopum","oligocenicum",40999,"Dolichoderinae","None","Liometopum","Yes",33.9,38,"Note"
"140","Liometopum","potamophilum",16579,"Dolichoderinae","None","Liometopum","Yes",11.608,15.97,"Note"
"141","Liometopum","scudderi",4971,"Dolichoderinae","None","Liometopum","Yes",33.9,37.2,"Note"
"142","Miomyrmex","impactus",4971,"Dolichoderinae","None","Miomyrmex","Yes",33.9,37.2,"Note"
"143","Miomyrmex","striatus",4971,"Dolichoderinae","None","Miomyrmex","Yes",33.9,37.2,"Note"
"144","Petraeomyrmex","minimus",4971,"Dolichoderinae","None","Petraeomyrmex","Yes",33.9,37.2,"Note"
"145","Proiridomyrmex","rotundatus",55770,"Dolichoderinae","None","Proiridomyrmex","Yes",41.3,47.8,"Note"
"146","Proiridomyrmex","vetulus",44418,"Dolichoderinae","None","Proiridomyrmex","Yes",46.2,50.3,"Note"
"147","Protazteca","capitata",4971,"Dolichoderinae","None","Protazteca","Yes",33.9,37.2,"Note"
"148","Protazteca","elongata",4971,"Dolichoderinae","None","Protazteca","Yes",33.9,37.2,"Note"
"149","Protazteca","eocenica",55770,"Dolichoderinae","None","Protazteca","Yes",41.3,47.8,"Note"
"150","Protazteca","hendersoni",5014,"Dolichoderinae","None","Protazteca","Yes",33.9,37.2,"Note"
"151","Protazteca","quadrata",4971,"Dolichoderinae","None","Protazteca","Yes",33.9,37.2,"Note"
"152","Tapinoma",NA,39584,"Dolichoderinae","None","Tapinoma","Yes",5.333,11.608,"Note"
"153","Tapinoma","aberrans",44578,"Dolichoderinae","None","Tapinoma","Yes",33.9,38,"Note"
"154","Tapinoma","baculum",16579,"Dolichoderinae","None","Tapinoma","Yes",11.608,15.97,"Note"
"155","Tapinoma","electrinum",44578,"Dolichoderinae","None","Tapinoma","Yes",33.9,38,"Note"
"156","Tapinoma","minutissimum",44518,"Dolichoderinae","None","Tapinoma","Yes",5.333,11.608,"Note"
"157","Tapinoma","troche",5207,"Dolichoderinae","None","Tapinoma","Yes",13.82,20.44,"Note"
"158","Technomyrmex","caritatis",44634,"Dolichoderinae","None","Technomyrmex","Yes",13.82,20.44,"Note"
"159","Technomyrmex","deletus",44518,"Dolichoderinae","None","Technomyrmex","Yes",5.333,11.608,"Note"
"160","Technomyrmex","hispaniolae",5207,"Dolichoderinae","None","Technomyrmex","Yes",13.82,20.44,"Note"
"161","Technomyrmex","septentrionalis",16579,"Dolichoderinae","None","Technomyrmex","Yes",11.608,15.97,"Note"
"162","Usomyrma","mirabilis",53816,"Dolichoderinae","None","Usomyrma","Yes",33.9,38,"Note"
"163","Yantaromyrmex","constrictus",44414,"Dolichoderinae","None","Yantaromyrmex","Yes",33.9,38,"Note"
"164","Yantaromyrmex","geinitzi",38999,"Dolichoderinae","None","Yantaromyrmex","Yes",28.4,33.9,"Note"
"165","Yantaromyrmex","intermedius",50040,"Dolichoderinae","None","Yantaromyrmex","Yes",33.9,38,"Note"
"166","Yantaromyrmex","mayrianum",50040,"Dolichoderinae","None","Yantaromyrmex","Yes",33.9,38,"Note"
"167","Yantaromyrmex","samlandicus",40999,"Dolichoderinae","None","Yantaromyrmex","Yes",33.9,38,"Note"
"168","Zherichinius","horribilis",44404,"Dolichoderinae","None","Zherichinius","Yes",41.3,47.8,"Note"
"169","Zherichinius","rapax",44404,"Dolichoderinae","None","Zherichinius","Yes",41.3,47.8,"Note"
"170","Acanthostichus","hispaniolicus",44410,"Dorylinae","","Acanthostichus","Yes",13.82,20.44,"Note"
"171","Cylindromyrmex","antillanus",44524,"Dorylinae","None","Cylindromyrmex","Yes",13.82,20.44,"Note"
"172","Cylindromyrmex","electrinus",44524,"Dorylinae","None","Cylindromyrmex","Yes",13.82,20.44,"Note"
"173","Cylindromyrmex","inopinatus",44525,"Dorylinae","None","Cylindromyrmex","Yes",13.82,20.44,"Note"
"174","Dorylinae",NA,50423,"Dorylinae","None","None","Yes",1.8,4.9,"Note"
"175","Lioponera",NA,38999,"Dorylinae","None","Lioponera","Yes",28.4,33.9,"Note"
"176","Neivamyrmex",NA,52386,"Dorylinae","None","Neivamyrmex","Yes",15.97,23.03,"Note"
"177","Neivamyrmex","ectopus",5206,"Dorylinae","None","Neivamyrmex","Yes",13.82,20.44,"Note"
"178","Procerapachys","annosus",40999,"Dorylinae","None","Procerapachys","Yes",33.9,38,"Note"
"179","Procerapachys","favosus",40999,"Dorylinae","None","Procerapachys","Yes",33.9,38,"Note"
"180","Procerapachys","sulcatus",44602,"Dorylinae","None","Procerapachys","Yes",33.9,38,"Note"
"181","Canapone","dentata",38952,"Ectatomminae","None","Canapone","Yes",70.6,83.5,"Note"
"182","Ectatomma","gracile",44518,"Ectatomminae","","Ectatomma","Yes",5.333,11.608,"Note"
"183","Gnamptogenys","brunoi",44600,"Ectatomminae","","Gnamptogenys","Yes",13.82,20.44,"Note"
"184","Gnamptogenys","casca",44600,"Ectatomminae","","Gnamptogenys","Yes",13.82,20.44,"Note"
"185","Gnamptogenys","europaea",44414,"Ectatomminae","","Gnamptogenys","Yes",33.9,38,"Note"
"186","Gnamptogenys","levinates",44601,"Ectatomminae","","Gnamptogenys","Yes",13.82,20.44,"Note"
"187","Gnamptogenys","pristina",44601,"Ectatomminae","","Gnamptogenys","Yes",13.82,20.44,"Note"
"188","Gnamptogenys","rohdendorfi",44602,"Ectatomminae","","Gnamptogenys","Yes",33.9,38,"Note"
"189","Pseudectatomma","eocenica",43781,"Ectatomminae","None","Pseudectatomma","Yes",40.4,48.6,"Note"
"190","Pseudectatomma","striatula",43781,"Ectatomminae","None","Pseudectatomma","Yes",40.4,48.6,"Note"
"191","Rhytidoponera","gibsoni",59088,"Ectatomminae","None","Rhytidoponera","Yes",20.44,23.03,"Note"
"192","Rhytidoponera","kirghizorum",41286,"Ectatomminae","None","Rhytidoponera","Yes",5.333,15.97,"Note"
"193","Rhytidoponera","waipiata",59088,"Ectatomminae","None","Rhytidoponera","Yes",20.44,23.03,"Note"
"194","Titanomyrma","gigantea",44589,"Fomiciinae","None","Titanomyrma","Yes",40.4,48.6,"Note"
"195","Titanomyrma","lubei",35980,"Fomiciinae","None","Titanomyrma","Yes",48.6,55.8,"Note"
"196","Titanomyrma","simillima",44589,"Fomiciinae","None","Titanomyrma","Yes",40.4,48.6,"Note"
"197","Acropyga",NA,40600,"Formicinae","","Acropyga","Yes",13.82,20.44,"Note"
"198","Acropyga","glaesaria",40302,"Formicinae","","Acropyga","Yes",13.82,20.44,"Note"
"199","Camponotini",NA,51248,"Formicinae","Camponotini","None","Yes",2.588,3.6,"Note"
"200","Camponotites",NA,41286,"Formicinae","None","Camponotites","Yes",11.608,15.97,"Note"
"201","Camponotites","kraussei",40968,"Formicinae","None","Camponotites","Yes",47.8,56,"Note"
"202","Camponotites","macropterus",41286,"Formicinae","None","Camponotites","Yes",11.608,15.97,"Note"
"203","Camponotites","silvestris",51248,"Formicinae","None","Camponotites","Yes",2.588,3.6,"Note"
"204","Camponotites","steinbachi",36140,"Formicinae","None","Camponotites","Yes",2.588,3.6,"Note"
"205","Camponotites","xiejiaheensis",16579,"Formicinae","None","Camponotites","Yes",11.608,15.97,"Note"
"206","Camponotus",NA,35523,"Formicinae","None","Camponotus","Yes",15.97,20.43,"Note"
"207","Camponotus","ambon",16579,"Formicinae","None","Camponotus","Yes",11.608,15.97,"Note"
"208","Camponotus","ampullosus",16579,"Formicinae","None","Camponotus","Yes",11.608,15.97,"Note"
"209","Camponotus","cockerelli",5061,"Formicinae","None","Camponotus","Yes",33.9,38,"Note"
"210","Camponotus","compactus",38738,"Formicinae","None","Camponotus","Yes",28.4,33.9,"Note"
"211","Camponotus","crozei",51140,"Formicinae","None","Camponotus","Yes",5.333,8.7,"Note"
"212","Camponotus","curviansatus",16579,"Formicinae","None","Camponotus","Yes",11.608,15.97,"Note"
"213","Camponotus","festinatus",44458,"Formicinae","None","Camponotus","Yes",15.97,20.43,"Note"
"214","Camponotus","festinus",16579,"Formicinae","None","Camponotus","Yes",11.608,15.97,"Note"
"215","Camponotus","fuscipennis",4971,"Formicinae","None","Camponotus","Yes",33.9,37.2,"Note"
"216","Camponotus","gracilis",16579,"Formicinae","None","Camponotus","Yes",11.608,15.97,"Note"
"217","Camponotus","heracleus",37344,"Formicinae","None","Camponotus","Yes",11.608,12.7,"Note"
"218","Camponotus","herculeanus",52251,"Formicinae","None","Camponotus","Yes",1.806,2.588,"Note"
"219","Camponotus","induratus",37344,"Formicinae","None","Camponotus","Yes",11.608,12.7,"Note"
"220","Camponotus","lignitus",37344,"Formicinae","None","Camponotus","Yes",11.608,12.7,"Note"
"221","Camponotus","longiventris",38999,"Formicinae","None","Camponotus","Yes",23.03,28.1,"Note"
"222","Camponotus","longus",16579,"Formicinae","None","Camponotus","Yes",11.608,15.97,"Note"
"223","Camponotus","luteus",16579,"Formicinae","None","Camponotus","Yes",11.608,15.97,"Note"
"224","Camponotus","mengei",38999,"Formicinae","None","Camponotus","Yes",28.4,33.9,"Note"
"225","Camponotus","microcephalus",4971,"Formicinae","None","Camponotus","Yes",33.9,37.2,"Note"
"226","Camponotus","microthoracus",16579,"Formicinae","None","Camponotus","Yes",11.608,15.97,"Note"
"227","Camponotus","mitis",16579,"Formicinae","None","Camponotus","Yes",11.608,15.97,"Note"
"228","Camponotus","novotnyi",44459,"Formicinae","None","Camponotus","Yes",28.1,33.9,"Note"
"229","Camponotus","obesus",44462,"Formicinae","None","Camponotus","Yes",7.246,11.62,"Note"
"230","Camponotus","oeningensis",37344,"Formicinae","None","Camponotus","Yes",11.608,12.7,"Note"
"231","Camponotus","palaeopterus",16579,"Formicinae","None","Camponotus","Yes",11.608,15.97,"Note"
"232","Camponotus","penninervis",38999,"Formicinae","None","Camponotus","Yes",23.03,28.1,"Note"
"233","Camponotus","petrifactus",4971,"Formicinae","None","Camponotus","Yes",33.9,37.2,"Note"
"234","Camponotus","pictus",36942,"Formicinae","None","Camponotus","Yes",11.608,15.97,"Note"
"235","Camponotus","pinguiculus",37344,"Formicinae","None","Camponotus","Yes",11.608,12.7,"Note"
"236","Camponotus","plenus",16579,"Formicinae","None","Camponotus","Yes",11.608,15.97,"Note"
"237","Camponotus","shanwangensis",16579,"Formicinae","None","Camponotus","Yes",11.608,15.97,"Note"
"238","Camponotus","theobaldi",38999,"Formicinae","None","Camponotus","Yes",23.03,28.1,"Note"
"239","Camponotus","tokunagai",52927,"Formicinae","None","Camponotus","Yes",48.6,55.8,"Note"
"240","Camponotus","ullrichi",44435,"Formicinae","None","Camponotus","Yes",5.333,7.246,"Note"
"241","Camponotus","vehemens",38738,"Formicinae","None","Camponotus","Yes",28.4,33.9,"Note"
"242","Camponotus","vetus",5133,"Formicinae","None","Camponotus","Yes",46.2,50.3,"Note"
"243","Cataglyphoides","constrictus",44414,"Formicinae","None","Cataglyphoides","Yes",33.9,38,"Note"
"244","Cataglyphoides","intermedius",44522,"Formicinae","None","Cataglyphoides","Yes",33.9,38,"Note"
"245","Chimaeromyrma","brachycephala",44404,"Formicinae","None","Chimaeromyrma","Yes",41.3,47.8,"Note"
"246","Conoformica","bitterfeldiana",44522,"Formicinae","None","Conoformica","Yes",33.9,38,"Note"
"247","Curtipalpulus","eocenicus",40725,"Formicinae","None","Curtipalpulus","Yes",48.6,55.8,"Note"
"248","Drymomyrmex","claripennis",40999,"Formicinae","None","Drymomyrmex","Yes",33.9,38,"Note"
"249","Drymomyrmex","fuscipennis",38999,"Formicinae","None","Drymomyrmex","Yes",28.4,33.9,"Note"
"250","Eoleptocerites","chinensis",40725,"Formicinae","None","Eoleptocerites","Yes",48.6,55.8,"Note"
"251","Eoleptocerites","fushunensis",40725,"Formicinae","None","Eoleptocerites","Yes",48.6,55.8,"Note"
"252","Eurytarsites","fushunensis",40725,"Formicinae","None","Eurytarsites","Yes",48.6,55.8,"Note"
"253","Formica",NA,38999,"Formicinae","None","Formica","Yes",33.9,37.2,"Note"
"254","Formica","alsatica",38999,"Formicinae","None","Formica","Yes",28.4,33.9,"Note"
"255","Formica","annosa",55770,"Formicinae","None","Formica","Yes",41.3,47.8,"Note"
"256","Formica","arcana",39765,"Formicinae","None","Formica","Yes",23.03,33.9,"Note"
"257","Formica","auxillacensis",44462,"Formicinae","None","Formica","Yes",5.333,7.246,"Note"
"258","Formica","bauckhorni",44433,"Formicinae","None","Formica","Yes",23.03,28.4,"Note"
"259","Formica","biamoensis",56094,"Formicinae","None","Formica","Yes",33.9,38,"Note"
"260","Formica","buphthalma",44517,"Formicinae","None","Formica","Yes",15.97,16.9,"Note"
"261","Formica","cantalica",44462,"Formicinae","None","Formica","Yes",7.246,11.62,"Note"
"262","Formica","ceps",16579,"Formicinae","None","Formica","Yes",11.608,15.97,"Note"
"263","Formica","cockerelli",4971,"Formicinae","None","Formica","Yes",33.9,37.2,"Note"
"264","Formica","demersa",37344,"Formicinae","None","Formica","Yes",11.608,12.7,"Note"
"265","Formica","eoptera",42241,"Formicinae","None","Formica","Yes",33.9,37.2,"Note"
"266","Formica","flavifemoralis",36942,"Formicinae","None","Formica","Yes",11.608,15.97,"Note"
"267","Formica","flori",38999,"Formicinae","None","Formica","Yes",28.4,33.9,"Note"
"268","Formica","fusca",16579,"Formicinae","None","Formica","Yes",11.608,15.97,"Note"
"269","Formica","gibbosa",44584,"Formicinae","None","Formica","Yes",33.9,38,"Note"
"270","Formica","globiventris",37344,"Formicinae","None","Formica","Yes",11.608,12.7,"Note"
"271","Formica","grandis",4971,"Formicinae","None","Formica","Yes",33.9,37.2,"Note"
"272","Formica","gravida",37344,"Formicinae","None","Formica","Yes",11.608,12.7,"Note"
"273","Formica","gustawi",44522,"Formicinae","None","Formica","Yes",33.9,38,"Note"
"274","Formica","heteroptera",41450,"Formicinae","None","Formica","Yes",41.3,47.8,"Note"
"275","Formica","horrida",40999,"Formicinae","None","Formica","Yes",33.9,38,"Note"
"276","Formica","immersa",37344,"Formicinae","None","Formica","Yes",11.608,12.7,"Note"
"277","Formica","kutscheri",44522,"Formicinae","None","Formica","Yes",33.9,38,"Note"
"278","Formica","latinodosa",38999,"Formicinae","None","Formica","Yes",23.03,28.1,"Note"
"279","Formica","lavateri",37344,"Formicinae","None","Formica","Yes",11.608,12.7,"Note"
"280","Formica","linquensis",16579,"Formicinae","None","Formica","Yes",11.608,15.97,"Note"
"281","Formica","longicollis",37344,"Formicinae","None","Formica","Yes",11.608,12.7,"Note"
"282","Formica","lucida",47505,"Formicinae","None","Formica","Yes",33.9,38,"Note"
"283","Formica","luteola",44584,"Formicinae","None","Formica","Yes",33.9,38,"Note"
"284","Formica","macrocephala",37344,"Formicinae","None","Formica","Yes",11.608,12.7,"Note"
"285","Formica","macrognatha",44584,"Formicinae","None","Formica","Yes",33.9,38,"Note"
"286","Formica","macrophthalma",37344,"Formicinae","None","Formica","Yes",11.608,12.7,"Note"
"287","Formica","maculipennis",44462,"Formicinae","None","Formica","Yes",5.333,7.246,"Note"
"288","Formica","martynovi",44457,"Formicinae","None","Formica","Yes",11.608,12.7,"Note"
"289","Formica","neorufibarbis",55325,"Formicinae","None","Formica","Yes",0.0117,0.126,"Note"
"290","Formica","nigra",44584,"Formicinae","None","Formica","Yes",33.9,38,"Note"
"291","Formica","obscura",37344,"Formicinae","None","Formica","Yes",11.608,12.7,"Note"
"292","Formica","orbata",37344,"Formicinae","None","Formica","Yes",11.608,12.7,"Note"
"293","Formica","ovala",16579,"Formicinae","None","Formica","Yes",11.608,15.97,"Note"
"294","Formica","palaeopolonica",44522,"Formicinae","None","Formica","Yes",33.9,38,"Note"
"295","Formica","paleosibirica",56094,"Formicinae","None","Formica","Yes",33.9,38,"Note"
"296","Formica","parexsecta",51760,"Formicinae","None","Formica","Yes",11.608,12.7,"Note"
"297","Formica","parvula",44584,"Formicinae","None","Formica","Yes",33.9,38,"Note"
"298","Formica","phaethusa",40999,"Formicinae","None","Formica","Yes",33.9,38,"Note"
"299","Formica","pitoni",44462,"Formicinae","None","Formica","Yes",2.588,3.6,"Note"
"300","Formica","primitiva",37344,"Formicinae","None","Formica","Yes",11.608,12.7,"Note"
"301","Formica","primordialis",37344,"Formicinae","None","Formica","Yes",11.608,12.7,"Note"
"302","Formica","procera",37344,"Formicinae","None","Formica","Yes",11.608,12.7,"Note"
"303","Formica","pulchella",37344,"Formicinae","None","Formica","Yes",11.608,12.7,"Note"
"304","Formica","quadrata",44586,"Formicinae","None","Formica","Yes",33.9,38,"Note"
"305","Formica","radchenkoi",44522,"Formicinae","None","Formica","Yes",33.9,38,"Note"
"306","Formica","robusta",4971,"Formicinae","None","Formica","Yes",33.9,37.2,"Note"
"307","Formica","sepulta",38999,"Formicinae","None","Formica","Yes",28.4,33.9,"Note"
"308","Formica","serresi",38999,"Formicinae","None","Formica","Yes",23.03,28.1,"Note"
"309","Formica","seuberti",37344,"Formicinae","None","Formica","Yes",11.608,12.7,"Note"
"310","Formica","strangulata",40999,"Formicinae","None","Formica","Yes",33.9,38,"Note"
"311","Formica","surinamensis",44587,"Formicinae","None","Formica","Yes",33.9,38,"Note"
"312","Formica","trigona",44584,"Formicinae","None","Formica","Yes",33.9,38,"Note"
"313","Formica","tripartita",38999,"Formicinae","None","Formica","Yes",28.4,33.9,"Note"
"314","Formica","ungeri",37344,"Formicinae","None","Formica","Yes",11.608,12.7,"Note"
"315","Formica","zherikhini",44522,"Formicinae","None","Formica","Yes",33.9,38,"Note"
"316","Formicinae",NA,44418,"Formicinae","None","None","Yes",46.2,50.3,"Note"
"317","Fushuniformica","spinata",40725,"Formicinae","None","Fushuniformica","Yes",48.6,55.8,"Note"
"318","Gesomyrmex","bremii",37344,"Formicinae","None","Gesomyrmex","Yes",11.608,12.7,"Note"
"319","Gesomyrmex","breviceps",44599,"Formicinae","None","Gesomyrmex","Yes",40.4,48.6,"Note"
"320","Gesomyrmex","curiosus",44599,"Formicinae","None","Gesomyrmex","Yes",40.4,48.6,"Note"
"321","Gesomyrmex","flavescens",44599,"Formicinae","None","Gesomyrmex","Yes",40.4,48.6,"Note"
"322","Gesomyrmex","germanicus",44599,"Formicinae","None","Gesomyrmex","Yes",40.4,48.6,"Note"
"323","Gesomyrmex","hoernesi",40999,"Formicinae","None","Gesomyrmex","Yes",33.9,38,"Note"
"324","Gesomyrmex","incertus",56094,"Formicinae","None","Gesomyrmex","Yes",33.9,38,"Note"
"325","Gesomyrmex","macrops",56094,"Formicinae","None","Gesomyrmex","Yes",33.9,38,"Note"
"326","Gesomyrmex","magnus",56094,"Formicinae","None","Gesomyrmex","Yes",33.9,38,"Note"
"327","Gesomyrmex","pulcher",44599,"Formicinae","None","Gesomyrmex","Yes",40.4,48.6,"Note"
"328","Glaphyromyrmex","oligocenicus",38999,"Formicinae","None","Glaphyromyrmex","Yes",28.4,33.9,"Note"
"329","Heeridris","croaticus",51760,"Formicinae","None","Heeridris","Yes",11.608,12.7,"Note"
"330","Huaxiaformica","mallepetiolata",40725,"Formicinae","None","Huaxiaformica","Yes",48.6,55.8,"Note"
"331","Imhoffia","nigra",37344,"Formicinae","None","Imhoffia","Yes",11.608,12.7,"Note"
"332","Imhoffia","pallida",38709,"Formicinae","None","Imhoffia","Yes",11.608,12.7,"Note"
"333","Kyromyrma","neffi",36269,"Formicinae","None","Kyromyrma","Yes",89.8,93.9,"Note"
"334","Lasius",NA,39931,"Formicinae","None","Lasius","Yes",20.44,23.03,"Note"
"335","Lasius","anthracinus",51760,"Formicinae","None","Lasius","Yes",11.608,12.7,"Note"
"336","Lasius","chambonensis",44462,"Formicinae","None","Lasius","Yes",2.588,3.6,"Note"
"337","Lasius","crispus",44462,"Formicinae","None","Lasius","Yes",7.246,11.62,"Note"
"338","Lasius","epicentrus",38999,"Formicinae","None","Lasius","Yes",23.03,28.1,"Note"
"339","Lasius","globularis",38709,"Formicinae","None","Lasius","Yes",23.03,28.1,"Note"
"340","Lasius","glom",55770,"Formicinae","None","Lasius","Yes",41.3,47.8,"Note"
"341","Lasius","inflatus",16579,"Formicinae","None","Lasius","Yes",11.608,15.97,"Note"
"342","Lasius","longaevus",51392,"Formicinae","None","Lasius","Yes",11.608,12.7,"Note"
"343","Lasius","longipennis",37344,"Formicinae","None","Lasius","Yes",11.608,12.7,"Note"
"344","Lasius","mordicus",16579,"Formicinae","None","Lasius","Yes",11.608,15.97,"Note"
"345","Lasius","nemorivagus",40999,"Formicinae","None","Lasius","Yes",33.9,38,"Note"
"346","Lasius","oblongus",37742,"Formicinae","None","Lasius","Yes",5.333,11.608,"Note"
"347","Lasius","occultatus",37344,"Formicinae","None","Lasius","Yes",12.7,13.65,"Note"
"348","Lasius","ophthalmicus",51392,"Formicinae","None","Lasius","Yes",11.608,12.7,"Note"
"349","Lasius","peritulus",4971,"Formicinae","None","Lasius","Yes",33.9,37.2,"Note"
"350","Lasius","pumilus",44414,"Formicinae","None","Lasius","Yes",33.9,38,"Note"
"351","Lasius","punctulatus",44414,"Formicinae","None","Lasius","Yes",33.9,38,"Note"
"352","Lasius","schiefferdeckeri",44414,"Formicinae","None","Lasius","Yes",33.9,38,"Note"
"353","Lasius","tertiarius",44614,"Formicinae","None","Lasius","Yes",11.608,12.7,"Note"
"354","Lasius","truncatus",16579,"Formicinae","None","Lasius","Yes",11.608,15.97,"Note"
"355","Lasius","validus",16579,"Formicinae","None","Lasius","Yes",11.608,15.97,"Note"
"356","Lasius","vetulus",16579,"Formicinae","None","Lasius","Yes",11.608,15.97,"Note"
"357","Leptogasteritus","capricornutes",40725,"Formicinae","None","Leptogasteritus","Yes",48.6,55.8,"Note"
"358","Leucotaphus","donisthorpei",51861,"Formicinae","None","Leucotaphus","Yes",33.9,38,"Note"
"359","Leucotaphus","gurnetensis",37729,"Formicinae","None","Leucotaphus","Yes",33.9,38,"Note"
"360","Liaoformica","longipetiolata",40725,"Formicinae","None","Liaoformica","Yes",48.6,55.8,"Note"
"361","Longiformica","dongzhouheensis",40725,"Formicinae","None","Longiformica","Yes",48.6,55.8,"Note"
"362","Longiformica","guchengziensis",40725,"Formicinae","None","Longiformica","Yes",48.6,55.8,"Note"
"363","Magnogasterites","curticornutus",40725,"Formicinae","None","Magnogasterites","Yes",48.6,55.8,"Note"
"364","Myrmecorhynchus","novaeseelandiae",59088,"Formicinae","None","Myrmecorhynchus","Yes",20.44,23.03,"Note"
"365","Nylanderia","pygmaea",44414,"Formicinae","None","Nylanderia","Yes",33.9,38,"Note"
"366","Nylanderia","vetula",44618,"Formicinae","None","Nylanderia","Yes",13.82,20.44,"Note"
"367","Oecophylla","atavina",37729,"Formicinae","None","Oecophylla","Yes",33.9,38,"Note"
"368","Oecophylla","bartoniana",41450,"Formicinae","None","Oecophylla","Yes",41.3,47.8,"Note"
"369","Oecophylla","brischkei",44414,"Formicinae","None","Oecophylla","Yes",33.9,38,"Note"
"370","Oecophylla","crassinoda",40999,"Formicinae","None","Oecophylla","Yes",33.9,38,"Note"
"371","Oecophylla","eckfeldiana",37721,"Formicinae","None","Oecophylla","Yes",40.4,48.6,"Note"
"372","Oecophylla","grandimandibula",51140,"Formicinae","None","Oecophylla","Yes",5.333,8.7,"Note"
"373","Oecophylla","leakeyi",44619,"Formicinae","None","Oecophylla","Yes",15.97,20.44,"Note"
"374","Oecophylla","longiceps",37721,"Formicinae","None","Oecophylla","Yes",40.4,48.6,"Note"
"375","Oecophylla","megarche",37729,"Formicinae","None","Oecophylla","Yes",33.9,38,"Note"
"376","Oecophylla","obesa",37344,"Formicinae","None","Oecophylla","Yes",11.608,12.7,"Note"
"377","Oecophylla","praeclara",38738,"Formicinae","None","Oecophylla","Yes",28.4,33.9,"Note"
"378","Oecophylla","sicula",44518,"Formicinae","None","Oecophylla","Yes",5.333,11.608,"Note"
"379","Oecophylla","superba",38999,"Formicinae","None","Oecophylla","Yes",28.4,33.9,"Note"
"380","Orbicapitia","reticulata",40725,"Formicinae","None","Orbicapitia","Yes",48.6,55.8,"Note"
"381","Ovalicapito","fushunensis",40725,"Formicinae","None","Ovalicapito","Yes",48.6,55.8,"Note"
"382","Ovaligastrula","xilutianensis",40725,"Formicinae","None","Ovaligastrula","Yes",48.6,55.8,"Note"
"383","Plagiolepis","klinsmanni",44414,"Formicinae","None","Plagiolepis","Yes",33.9,38,"Note"
"384","Plagiolepis","kuenowi",44414,"Formicinae","None","Plagiolepis","Yes",33.9,38,"Note"
"385","Plagiolepis","labilis",44518,"Formicinae","None","Plagiolepis","Yes",5.333,11.608,"Note"
"386","Plagiolepis","minutissima",44578,"Formicinae","None","Plagiolepis","Yes",33.9,38,"Note"
"387","Plagiolepis","paradoxa",44621,"Formicinae","None","Plagiolepis","Yes",33.9,38,"Note"
"388","Plagiolepis","singularis",44414,"Formicinae","None","Plagiolepis","Yes",33.9,38,"Note"
"389","Plagiolepis","solitaria",44414,"Formicinae","None","Plagiolepis","Yes",33.9,38,"Note"
"390","Plagiolepis","squamifera",44414,"Formicinae","None","Plagiolepis","Yes",33.9,38,"Note"
"391","Plagiolepis","wheeleri",44621,"Formicinae","None","Plagiolepis","Yes",33.9,38,"Note"
"392","Polyrhachis","annosus",42983,"Formicinae","None","Polyrhachis","Yes",5.333,7.246,"Note"
"393","Prenolepis","henschei",39242,"Formicinae","","Prenolepis","Yes",33.9,38,"Note"
"394","Prodimorphomyrmex","primigenius",40999,"Formicinae","None","Prodimorphomyrmex","Yes",33.9,38,"Note"
"395","Protoformica","proformicoides",11234,"Formicinae","None","Protoformica","Yes",33.9,38,"Note"
"396","Protomyrmica","atavia",44624,"Formicinae","None","Protomyrmica","Yes",33.9,38,"Note"
"397","Protrechina","carpenteri",38990,"Formicinae","None","Protrechina","Yes",38,41.3,"Note"
"398","Pseudocamponotus","elkoanus",4971,"Formicinae","None","Pseudocamponotus","Yes",28.4,37.2,"Note"
"399","Pseudolasius","boreus",40999,"Formicinae","None","Pseudolasius","Yes",33.9,38,"Note"
"400","Sicilomyrmex","corniger",44518,"Formicinae","None","Sicilomyrmex","Yes",5.333,11.608,"Note"
"401","Sinoformica","longicapitata",40725,"Formicinae","None","Sinoformica","Yes",48.6,55.8,"Note"
"402","Sinotenuicapito","badis",40725,"Formicinae","None","Sinotenuicapito","Yes",48.6,55.8,"Note"
"403","Wilsonia","liaoningensis",40725,"Formicinae","None","Wilsonia","Yes",48.6,55.8,"Note"
"404","Wilsonia","megagastrosa",40725,"Formicinae","None","Wilsonia","Yes",48.6,55.8,"Note"
"405","Zatania","electra",44640,"Formicinae","None","Zatania","Yes",13.82,20.44,"Note"
"406","Formicium","berryi",44588,"Fomiciinae","None","Formicium","Yes",38,41.3,"Note"
"407","Formicium","brodiei",49700,"Fomiciinae","None","Formicium","Yes",33.9,38,"Note"
"408","Calyptites","antediluvianum",39765,"Incertae","None","Calyptites","Yes",23.03,33.9,"Possibly not an ant, date seems goofy"
"409","Camelomecia",NA,58266,"Incertae","None","Camelomecia","Yes",93.5,99.6,"Possibly not an ant"
"410","Camelomecia","janovitzi",58266,"Incertae","None","Camelomecia","Yes",93.5,99.6,"Possibly not an ant"
"411","Cretopone","magna",37059,"Incertae","None","Cretopone","Yes",89.8,93.9,"Possibly not an ant"
"412","Curticorna","leptogastrosa",40725,"Incertae","None","Curticorna","Yes",48.6,55.8,"Possibly not an ant"
"413","Eoaenictites","castanifurvus",40725,"Incertae","None","Eoaenictites","Yes",48.6,55.8,"Maybe not an ant"
"414","Eoformica","brevipetiola",55770,"Incertae","None","Eoformica","Yes",41.3,47.8,"Maybe not an ant"
"415","Eoformica","expectans",38999,"Incertae","None","Eoformica","Yes",28.4,33.9,"Maybe not an ant"
"416","Eoformica","globularis",44418,"Incertae","None","Eoformica","Yes",46.2,50.3,"Maybe not an ant"
"417","Eoformica","latimedia",55770,"Incertae","None","Eoformica","Yes",41.3,47.8,"Maybe not an ant"
"418","Eoformica","magna",44418,"Incertae","None","Eoformica","Yes",46.2,50.3,"Maybe not an ant"
"419","Eoformica","pinguis",5045,"Incertae","None","Eoformica","Yes",46.2,50.3,"Maybe not an ant"
"420","Fonsecahymen","stigmata",44582,"Incertae","None","Fonsecahymen","Yes",33.9,38,"Maybe not an ant"
"421","Klondikia","whiteae",44418,"Incertae","None","Klondikia","Yes",47.8,56,"Maybe not an ant"
"422","Kohlsimyrma","gracilis",44418,"Incertae","None","Kohlsimyrma","Yes",46.2,50.3,"Maybe not an ant"
"423","Kohlsimyrma","laticeps",44418,"Incertae","None","Kohlsimyrma","Yes",46.2,50.3,"Maybe not an ant"
"424","Kohlsimyrma","longiceps",44418,"Incertae","None","Kohlsimyrma","Yes",46.2,50.3,"Maybe not an ant"
"425","Myanmyrma","gracilis",36535,"Incertae","None","Myanmyrma","Yes",93.5,99.6,"Maybe not an ant"
"426","Petropone","petiolata",37059,"Incertae","None","Petropone","Yes",89.8,93.9,"Note"
"427","Eocynipites","xilutianensis",40725,"Insect","None","Eocynipites","Yes",48.6,55.8,"Not an ant"
"428","Pristomyrmex","rasnitsyni",44628,"Myrmicinae","None","Pristomyrmex","Yes",33.9,38,"Note"
"429","Quadrulicapito","longa",40725,"Myrmicinae","None","Quadrulicapito","Yes",48.6,55.8,"Note"
"430","Sinomyrmex","brunneus",40725,"Myrmicinae","None","Sinomyrmex","Yes",48.6,55.8,"Note"
"431","Sinomyrmex","furvis",40725,"Myrmicinae","None","Sinomyrmex","Yes",48.6,55.8,"Note"
"432","Solenopsidini",NA,39931,"Myrmicinae","Solenopsidini","Solenopsidini","Yes",20.44,23.03,"Note"
"433","Solenopsis",NA,56112,"Myrmicinae","Solenopsidini","Solenopsis","Yes",5.333,8.7,"Note"
"434","Solenopsis","alena",38999,"Myrmicinae","Solenopsidini","Solenopsis","Yes",28.4,33.9,"Note"
"435","Solenopsis","blanda",38738,"Myrmicinae","Solenopsidini","Solenopsis","Yes",28.4,33.9,"Note"
"436","Solenopsis","foersteri",38999,"Myrmicinae","Solenopsidini","Solenopsis","Yes",28.4,33.9,"Note"
"437","Solenopsis","maxima",38738,"Myrmicinae","Solenopsidini","Solenopsis","Yes",28.4,33.9,"Note"
"438","Solenopsis","moesta",38738,"Myrmicinae","Solenopsidini","Solenopsis","Yes",28.4,33.9,"Note"
"439","Solenopsis","privata",38738,"Myrmicinae","Solenopsidini","Solenopsis","Yes",28.4,33.9,"Note"
"440","Solenopsis","superba",38738,"Myrmicinae","Solenopsidini","Solenopsis","Yes",28.4,33.9,"Note"
"441","Solenopsis","valida",38738,"Myrmicinae","Solenopsidini","Solenopsis","Yes",28.4,33.9,"Note"
"442","Solenopsites","abdita",55770,"Myrmicinae","Solenopsidini","Solenopsites","Yes",41.3,47.8,"Note"
"443","Solenopsites","minutus",44418,"Myrmicinae","Solenopsidini","Solenopsites","Yes",46.2,50.3,"Note"
"444","Solenopsites","rossi",51861,"Myrmicinae","Solenopsidini","Solenopsites","Yes",33.9,38,"Note"
"445","Veromessor","andrei",52639,"Myrmicinae","None","Veromessor","Yes",0.012,0.3,"Note"
"446","Vollenhovia","beyrichi",44414,"Myrmicinae","None","Vollenhovia","Yes",33.9,38,"Note"
"447","Vollenhovia","prisca",44622,"Myrmicinae","None","Vollenhovia","Yes",33.9,38,"Note"
"448","Wumyrmex","furvis",40725,"Myrmicinae","None","Wumyrmex","Yes",48.6,55.8,"Note"
"449","Zhangidris","atopogaster",16579,"Myrmicinae","None","Zhangidris","Yes",11.608,15.97,"Note"
"450","Archimyrmex","piatnitzkyi",44403,"Myrmiciinae","None","Archimyrmex","Yes",41.3,47.8,"Note"
"451","Archimyrmex","rostratus",44405,"Myrmiciinae","None","Archimyrmex","Yes",46.2,50.3,"Note"
"452","Archimyrmex","smekali",44436,"Myrmiciinae","None","Archimyrmex","Yes",41.3,47.8,"Note"
"453","Archimyrmex","wedmannae",41794,"Myrmiciinae","None","Archimyrmex","Yes",40.4,48.6,"Note"
"454","Avitomyrmex","elongatus",38422,"Myrmiciinae","None","Avitomyrmex","Yes",47.8,56,"Note"
"455","Avitomyrmex","mastax",38422,"Myrmiciinae","None","Avitomyrmex","Yes",47.8,56,"Note"
"456","Avitomyrmex","systenus",38422,"Myrmiciinae","None","Avitomyrmex","Yes",47.8,56,"Note"
"457","Myrmeciites",NA,38422,"Myrmiciinae","None","Myrmeciites","Yes",47.8,56,"Note"
"458","Myrmeciites","goliath",38422,"Myrmiciinae","None","Myrmeciites","Yes",47.8,56,"Note"
"459","Myrmeciites","herculeanus",38422,"Myrmiciinae","None","Myrmeciites","Yes",47.8,56,"Note"
"460","Myrmeciites","tabanifluviensis",38422,"Myrmiciinae","None","Myrmeciites","Yes",47.8,56,"Note"
"461","Prionomyrmex",NA,49311,"Myrmiciinae","None","Prionomyrmex","Yes",33.9,38,"Note"
"462","Prionomyrmex","janzeni",44627,"Myrmiciinae","None","Prionomyrmex","Yes",33.9,56,"Note"
"463","Prionomyrmex","longiceps",44414,"Myrmiciinae","None","Prionomyrmex","Yes",33.9,38,"Note"
"464","Prionomyrmex","wappleri",41794,"Myrmiciinae","None","Prionomyrmex","Yes",23.03,28.4,"Note"
"465","Ypresiomyrma","bartletti",38422,"Myrmiciinae","None","Ypresiomyrma","Yes",47.8,56,"Note"
"466","Ypresiomyrma","orbiculata",38422,"Myrmiciinae","None","Ypresiomyrma","Yes",47.8,56,"Note"
"467","Ypresiomyrma","orientalis",56094,"Myrmiciinae","None","Ypresiomyrma","Yes",33.9,38,"Note"
"468","Ypresiomyrma","rebekkae",44639,"Myrmiciinae","None","Ypresiomyrma","Yes",47.8,56,"Note"
"469","Acanthognathus","poinari",44409,"Myrmicinae","None","Acanthognathus","Yes",13.82,20.44,"Note"
"470","Afromyrma","petrosa",38353,"Myrmicinae","None","Afromyrma","Yes",89.8,93.9,"Note"
"471","Agastomyrma","laticeps",56094,"Myrmicinae","None","Agastomyrma","Yes",33.9,38,"Note"
"472","Aphaenogaster",NA,34859,"Myrmicinae","None","Aphaenogaster","Yes",5.333,7.246,"Note"
"473","Aphaenogaster","amphioceanica",5186,"Myrmicinae","","Aphaenogaster","Yes",13.82,20.44,"Note"
"474","Aphaenogaster","antiqua",44578,"Myrmicinae","","Aphaenogaster","Yes",33.9,38,"Note"
"475","Aphaenogaster","archaica",44433,"Myrmicinae","","Aphaenogaster","Yes",23.03,28.4,"Note"
"476","Aphaenogaster","avita",34858,"Myrmicinae","None","Aphaenogaster","Yes",13.82,15.97,"Note"
"477","Aphaenogaster","donisthorpei",4971,"Myrmicinae","","Aphaenogaster","Yes",33.9,37.2,"Note"
"478","Aphaenogaster","dumetora",47627,"Myrmicinae","","Aphaenogaster","Yes",11.608,15.97,"Note"
"479","Aphaenogaster","lapidescens",16579,"Myrmicinae","","Aphaenogaster","Yes",11.608,15.97,"Note"
"480","Aphaenogaster","longaeva",39765,"Myrmicinae","Attini","Aphaenogaster","Yes",23.03,33.9,"Note"
"481","Aphaenogaster","maculata",38999,"Myrmicinae","","Aphaenogaster","Yes",23.03,28.1,"Note"
"482","Aphaenogaster","maculipes",38999,"Myrmicinae","","Aphaenogaster","Yes",28.4,33.9,"Note"
"483","Aphaenogaster","mayri",4971,"Myrmicinae","","Aphaenogaster","Yes",33.9,37.2,"Note"
"484","Aphaenogaster","mersa",40999,"Myrmicinae","","Aphaenogaster","Yes",33.9,38,"Note"
"485","Aphaenogaster","oligocenica",40999,"Myrmicinae","","Aphaenogaster","Yes",33.9,38,"Note"
"486","Aphaenogaster","paludosa",16579,"Myrmicinae","","Aphaenogaster","Yes",11.608,15.97,"Note"
"487","Aphaenogaster","pannonica",44435,"Myrmicinae","","Aphaenogaster","Yes",5.333,7.246,"Note"
"488","Aphaenogaster","praerelicta",5186,"Myrmicinae","","Aphaenogaster","Yes",15.97,23.03,"Note"
"489","Aphaenogaster","shanwangensis",15208,"Myrmicinae","","Aphaenogaster","Yes",11.608,15.97,"Note"
"490","Aphaenogaster","sommerfeldti",44414,"Myrmicinae","","Aphaenogaster","Yes",33.9,38,"Note"
"491","Apterostigma","electropilosum",40811,"Myrmicinae","","Apterostigma","Yes",13.82,20.44,"Note"
"492","Apterostigma","eowilsoni",40811,"Myrmicinae","","Apterostigma","Yes",13.82,20.44,"Note"
"493","Attopsis","longipennis",37344,"Myrmicinae","None","Attopsis","Yes",11.608,12.7,"Note"
"494","Attopsis","longipes",38709,"Myrmicinae","None","Attopsis","Yes",11.608,12.7,"Note"
"495","Biamomyrma","lata",56094,"Myrmicinae","None","Biamomyrma","Yes",33.9,38,"Note"
"496","Biamomyrma","rugosa",56094,"Myrmicinae","None","Biamomyrma","Yes",33.9,38,"Note"
"497","Biamomyrma","zherikhini",56094,"Myrmicinae","None","Biamomyrma","Yes",33.9,38,"Note"
"498","Bilobomyrma","baltica",48824,"Myrmicinae","None","Bilobomyrma","Yes",33.9,38,"Note"
"499","Bilobomyrma","ukrainica",48824,"Myrmicinae","None","Bilobomyrma","Yes",33.9,38,"Note"
"500","Boltonidris","mirabilis",48397,"Myrmicinae","None","Boltonidris","Yes",33.9,38,"Note"
"501","Brachytarsites","dongzhouheensis",40725,"Myrmicinae","None","Brachytarsites","Yes",48.6,55.8,"Note"
"502","Carebara","antiqua",44414,"Myrmicinae","Crematogastrini","Carebara","Yes",33.9,38,"Note"
"503","Carebara","bohemica",44517,"Myrmicinae","Crematogastrini","Carebara","Yes",15.97,16.9,"Note"
"504","Carebara","nitida",44578,"Myrmicinae","Crematogastrini","Carebara","Yes",33.9,38,"Note"
"505","Carebara","rugiceps",37344,"Myrmicinae","Crematogastrini","Carebara","Yes",11.608,12.7,"Note"
"506","Carebara","schossnicensis",37742,"Myrmicinae","Crematogastrini","Carebara","Yes",5.333,11.608,"Note"
"507","Carebara","sophiae",44518,"Myrmicinae","Crematogastrini","Carebara","Yes",5.333,11.608,"Note"
"508","Carebara","thorali",44519,"Myrmicinae","Crematogastrini","Carebara","Yes",23.03,28.1,"Note"
"509","Carebara","ucrainica",44578,"Myrmicinae","Crematogastrini","Carebara","Yes",33.9,38,"Note"
"510","Cataulacus",NA,51392,"Myrmicinae","None","Cataulacus","Yes",11.608,12.7,"Note"
"511","Cataulacus","planiceps",44518,"Myrmicinae","None","Cataulacus","Yes",5.333,11.608,"Note"
"512","Cataulacus","plebeius",44523,"Myrmicinae","None","Cataulacus","Yes",15.97,20.44,"Note"
"513","Cataulacus","silvestrii",44518,"Myrmicinae","None","Cataulacus","Yes",5.333,11.608,"Note"
"514","Cephalomyrmex","rotundatus",4971,"Myrmicinae","None","Cephalomyrmex","Yes",33.9,37.2,"Note"
"515","Cephalotes",NA,57466,"Myrmicinae","None","Cephalotes","Yes",15.97,23.03,"Note"
"516","Cephalotes","alveolatus",40531,"Myrmicinae","None","Cephalotes","Yes",13.82,20.44,"Note"
"517","Cephalotes","bloosi",40586,"Myrmicinae","None","Cephalotes","Yes",13.82,20.44,"Note"
"518","Cephalotes","brevispineus",40586,"Myrmicinae","None","Cephalotes","Yes",13.82,20.44,"Note"
"519","Cephalotes","caribicus",40586,"Myrmicinae","None","Cephalotes","Yes",13.82,20.44,"Note"
"520","Cephalotes","dieteri",40586,"Myrmicinae","None","Cephalotes","Yes",13.82,20.44,"Note"
"521","Cephalotes","hispaniolicus",40586,"Myrmicinae","None","Cephalotes","Yes",13.82,20.44,"Note"
"522","Cephalotes","integerrimus",40531,"Myrmicinae","None","Cephalotes","Yes",13.82,20.44,"Note"
"523","Cephalotes","jansei",40531,"Myrmicinae","None","Cephalotes","Yes",13.82,20.44,"Note"
"524","Cephalotes","maya",40586,"Myrmicinae","None","Cephalotes","Yes",15.97,23.03,"Note"
"525","Cephalotes","obscurus",40531,"Myrmicinae","None","Cephalotes","Yes",13.82,20.44,"Note"
"526","Cephalotes","olmecus",40586,"Myrmicinae","None","Cephalotes","Yes",15.97,23.03,"Note"
"527","Cephalotes","poinari",40586,"Myrmicinae","None","Cephalotes","Yes",15.97,23.03,"Note"
"528","Cephalotes","resinae",40586,"Myrmicinae","None","Cephalotes","Yes",0,0.0117,"Note"
"529","Cephalotes","serratus",40531,"Myrmicinae","None","Cephalotes","Yes",13.82,20.44,"Note"
"530","Cephalotes","squamosus",40531,"Myrmicinae","None","Cephalotes","Yes",13.82,20.44,"Note"
"531","Cephalotes","sucinus",40586,"Myrmicinae","None","Cephalotes","Yes",13.82,20.44,"Note"
"532","Cephalotes","taino",40586,"Myrmicinae","None","Cephalotes","Yes",0,0.0117,"Note"
"533","Cephalotes","ventriosus",40586,"Myrmicinae","None","Cephalotes","Yes",15.97,23.03,"Note"
"534","Clavipetiola","asiatica",40725,"Myrmicinae","None","Clavipetiola","Yes",48.6,55.8,"Note"
"535","Crematogaster",NA,57466,"Myrmicinae","None","Crematogaster","Yes",15.97,23.03,"Note"
"536","Crematogaster","aurora",55770,"Myrmicinae","None","Crematogaster","Yes",41.3,47.8,"Note"
"537","Crematogaster","praecursor",44518,"Myrmicinae","None","Crematogaster","Yes",5.333,11.608,"Note"
"538","Cyphomyrmex","maya",44526,"Myrmicinae","None","Cyphomyrmex","Yes",15.97,23.03,"Note"
"539","Cyphomyrmex","taino",44526,"Myrmicinae","None","Cyphomyrmex","Yes",13.82,20.44,"Note"
"540","Electroponera","dubia",40999,"Myrmicinae","None","Electroponera","Yes",33.9,38,"Note"
"541","Enneamerus","reticulatus",44414,"Myrmicinae","None","Enneamerus","Yes",33.9,38,"Note"
"542","Eocenidris","crassa",38990,"Myrmicinae","None","Eocenidris","Yes",38,41.3,"Note"
"543","Eocenomyrma","electrina",44580,"Myrmicinae","None","Eocenomyrma","Yes",33.9,38,"Note"
"544","Eocenomyrma","elegantula",44580,"Myrmicinae","None","Eocenomyrma","Yes",33.9,38,"Note"
"545","Eocenomyrma","orthospina",44580,"Myrmicinae","None","Eocenomyrma","Yes",33.9,38,"Note"
"546","Eocenomyrma","rugosostriata",44414,"Myrmicinae","None","Eocenomyrma","Yes",33.9,38,"Note"
"547","Eomyrmex","guchengziensis",44613,"Myrmicinae","None","Eomyrmex","Yes",48.6,55.8,"Note"
"548","Fallomyrma","transversa",44581,"Myrmicinae","None","Fallomyrma","Yes",33.9,38,"Note"
"549","Fushunomyrmex","liaoningensis",40725,"Myrmicinae","None","Fushunomyrmex","Yes",48.6,55.8,"Note"
"550","Hypopomyrmex","bombiccii",44518,"Myrmicinae","None","Hypopomyrmex","Yes",5.333,11.608,"Note"
"551","Ilemomyrmex","caecus",5205,"Myrmicinae","None","Ilemomyrmex","Yes",13.82,20.44,"Note"
"552","Leptothorax",NA,39515,"Myrmicinae","None","Leptothorax","Yes",5.333,7.246,"Note"
"553","Leptothorax","muscorum",54747,"Myrmicinae","None","Leptothorax","Yes",0.0117,0.126,"Note"
"554","Lonchomyrmex","freyeri",38709,"Myrmicinae","None","Lonchomyrmex","Yes",11.608,12.7,"Note"
"555","Lonchomyrmex","nigritus",37742,"Myrmicinae","None","Lonchomyrmex","Yes",5.333,11.608,"Note"
"556","Macabeemyrma","ovata",38422,"Myrmicinae","None","Macabeemyrma","Yes",47.8,56,"Note"
"557","Messor",NA,34859,"Myrmicinae","None","Messor","Yes",5.333,7.246,"Note"
"558","Messor","sculpturatus",4971,"Myrmicinae","None","Messor","Yes",33.9,37.2,"Note"
"559","Miosolenopsis","fossilis",16579,"Myrmicinae","None","Miosolenopsis","Yes",11.608,15.97,"Note"
"560","Monomorium",NA,44580,"Myrmicinae","None","Monomorium","Yes",33.9,38,"Note"
"561","Monomorium","kugleri",40645,"Myrmicinae","None","Monomorium","Yes",33.9,38,"Note"
"562","Monomorium","mayrianum",44414,"Myrmicinae","None","Monomorium","Yes",33.9,38,"Note"
"563","Monomorium","pilipes",44414,"Myrmicinae","None","Monomorium","Yes",33.9,38,"Note"
"564","Myrmecites","dubius",56094,"Myrmicinae","None","Myrmecites","Yes",33.9,38,"Note"
"565","Myrmecites","latus",51760,"Myrmicinae","None","Myrmecites","Yes",11.608,12.7,"Note"
"566","Myrmecites","major",56094,"Myrmicinae","None","Myrmecites","Yes",33.9,38,"Note"
"567","Myrmecites","pusillus",37344,"Myrmicinae","None","Myrmecites","Yes",11.608,12.7,"Note"
"568","Myrmecites","rotundiceps",44418,"Myrmicinae","None","Myrmecites","Yes",46.2,50.3,"Note"
"569","Myrmecites","sibiricus",56094,"Myrmicinae","None","Myrmecites","Yes",33.9,38,"Note"
"570","Myrmica",NA,37344,"Myrmicinae","None","Myrmica","Yes",11.608,12.7,"Note"
"571","Myrmica","eocenica",40541,"Myrmicinae","None","Myrmica","Yes",33.9,38,"Note"
"572","Myrmica","incompleta",54747,"Myrmicinae","None","Myrmica","Yes",0.0117,0.126,"Note"
"573","Myrmica","intermedia",40999,"Myrmicinae","None","Myrmica","Yes",33.9,38,"Note"
"574","Myrmica","lobifrons",55325,"Myrmicinae","None","Myrmica","Yes",0.0117,0.126,"Note"
"575","Myrmica","longispinosa",44414,"Myrmicinae","None","Myrmica","Yes",33.9,38,"Note"
"576","Myrmica","paradoxa",40541,"Myrmicinae","None","Myrmica","Yes",33.9,38,"Note"
"577","Myrmica","rudis",40541,"Myrmicinae","None","Myrmica","Yes",33.9,38,"Note"
"578","Myrmicinae",NA,34859,"Myrmicinae","None","None","Yes",5.333,7.246,"Note"
"579","Myrmicites",NA,38738,"Myrmicinae","None","Myrmicites","Yes",28.4,33.9,"Note"
"580","Nesomyrmex","caritatis",44617,"Myrmicinae","None","Nesomyrmex","Yes",13.82,20.44,"Note"
"581","Nesomyrmex","dominicanus",44617,"Myrmicinae","None","Nesomyrmex","Yes",13.82,20.44,"Note"
"582","Orbigastrula","guchengziensis",40725,"Myrmicinae","None","Orbigastrula","Yes",48.6,55.8,"Note"
"583","Oxyidris","antillana",5205,"Myrmicinae","None","Oxyidris","Yes",13.82,20.44,"Note"
"584","Parameranoplus","primaevus",40999,"Myrmicinae","None","Parameranoplus","Yes",33.9,38,"Note"
"585","Paraphaenogaster","hooleyana",51861,"Myrmicinae","None","Paraphaenogaster","Yes",33.9,38,"Note"
"586","Paraphaenogaster","jurinei",37344,"Myrmicinae","None","Paraphaenogaster","Yes",11.608,12.7,"Note"
"587","Paraphaenogaster","microphthalmus",41286,"Myrmicinae","None","Paraphaenogaster","Yes",11.608,15.97,"Note"
"588","Paraphaenogaster","tertiaria",37344,"Myrmicinae","None","Paraphaenogaster","Yes",11.608,12.7,"Note"
"589","Pheidole",NA,44620,"Myrmicinae","None","Pheidole","Yes",13.82,20.44,"Note"
"590","Pheidole","cordata",44586,"Myrmicinae","None","Pheidole","Yes",33.9,38,"Note"
"591","Pheidole","pallidula",56112,"Myrmicinae","None","Pheidole","Yes",5.333,8.7,"Note"
"592","Pheidole","primigenia",44620,"Myrmicinae","None","Pheidole","Yes",13.82,20.44,"Note"
"593","Pheidole","rasnitsyni",47543,"Myrmicinae","None","Pheidole","Yes",0,0.0117,"Note"
"594","Pheidole","tertiaria",4971,"Myrmicinae","None","Pheidole","Yes",33.9,37.2,"Note"
"595","Pheidole","tethepa",5205,"Myrmicinae","None","Pheidole","Yes",13.82,20.44,"Note"
"596","Plesiomyrmex","tubulatus",44624,"Myrmicinae","None","Plesiomyrmex","Yes",33.9,38,"Note"
"597","Podomyrma","mayri",44518,"Myrmicinae","None","Podomyrma","Yes",5.333,11.608,"Note"
"598","Pogonomyrmex","fossilis",4971,"Myrmicinae","None","Pogonomyrmex","Yes",33.9,37.2,"Note"
"599","Quineangulicapito","fushunensis",40725,"Myrmicinae","None","Quineangulicapito","Yes",48.6,55.8,"Note"
"600","Sphaerogasterites","longipetiolatus",40725,"Myrmicinae","None","Sphaerogasterites","Yes",48.6,55.8,"Note"
"601","Stenamma","berendti",44414,"Myrmicinae","None","Stenamma","Yes",33.9,38,"Note"
"602","Stigmomyrmex","venustus",44414,"Myrmicinae","None","Stigmomyrmex","Yes",33.9,38,"Note"
"603","Stiphromyrmex","robustus",44414,"Myrmicinae","None","Stiphromyrmex","Yes",33.9,38,"Note"
"604","Strumigenys","electrina",44409,"Myrmicinae","None","Strumigenys","Yes",13.82,20.44,"Note"
"605","Strumigenys","pilosula",44632,"Myrmicinae","None","Strumigenys","Yes",13.82,20.44,"Note"
"606","Strumigenys","poinari",44632,"Myrmicinae","None","Strumigenys","Yes",13.82,20.44,"Note"
"607","Strumigenys","schleeorum",44409,"Myrmicinae","None","Strumigenys","Yes",13.82,20.44,"Note"
"608","Temnothorax","glaesarius",40999,"Myrmicinae","None","Temnothorax","Yes",33.9,38,"Note"
"609","Temnothorax","gracilis",44414,"Myrmicinae","None","Temnothorax","Yes",33.9,38,"Note"
"610","Temnothorax","hystriculus",40999,"Myrmicinae","None","Temnothorax","Yes",33.9,38,"Note"
"611","Temnothorax","longaevus",40999,"Myrmicinae","None","Temnothorax","Yes",33.9,38,"Note"
"612","Temnothorax","petiolata",44414,"Myrmicinae","None","Temnothorax","Yes",33.9,38,"Note"
"613","Temnothorax","placivus",40999,"Myrmicinae","None","Temnothorax","Yes",33.9,38,"Note"
"614","Temnothorax","praecreolus",44636,"Myrmicinae","None","Temnothorax","Yes",13.82,20.44,"Note"
"615","Tetramorium","kulickae",56231,"Myrmicinae","None","Tetramorium","Yes",33.9,38,"Note"
"616","Tetramorium","paraarmatum",56231,"Myrmicinae","None","Tetramorium","Yes",33.9,38,"Note"
"617","Trachymyrmex","primaevus",44637,"Myrmicinae","None","Trachymyrmex","Yes",13.82,20.44,"Note"
"618","Cephites","fragilis",37344,"None","None","Cephites","Yes",11.608,12.7,"Fly"
"619","Cephites","oeningensis",37344,"None","None","Cephites","Yes",11.608,12.7,"Fly"
"620","Formicidae",NA,34084,"None","None","None","Yes",47.8,56,"Note"
"621","Paraponera",NA,5208,"Paraponerinae","None","Paraponera","Yes",13.82,20.44,"Note"
"622","Paraponera","dieteri",40058,"Paraponerinae","None","Paraponera","Yes",13.82,20.44,"Note"
"623","Afropone","oculata",38353,"Ponerinae","None","Afropone","Yes",89.8,93.9,"Note"
"624","Afropone","orapa",38353,"Ponerinae","None","Afropone","Yes",89.8,93.9,"Note"
"625","Anochetus","ambiguus",44411,"Ponerinae","","Anochetus","Yes",13.82,20.44,"Note"
"626","Anochetus","brevidentatus",44411,"Ponerinae","","Anochetus","Yes",13.82,20.44,"Note"
"627","Anochetus","conisquamis",44411,"Ponerinae","","Anochetus","Yes",13.82,20.44,"Note"
"628","Anochetus","corayi",44413,"Ponerinae","","Anochetus","Yes",13.82,20.44,"Note"
"629","Anochetus","dubius",44411,"Ponerinae","","Anochetus","Yes",13.82,20.44,"Note"
"630","Anochetus","exstinctus",44411,"Ponerinae","","Anochetus","Yes",13.82,20.44,"Note"
"631","Anochetus","intermedius",44411,"Ponerinae","","Anochetus","Yes",13.82,20.44,"Note"
"632","Anochetus","lucidus",44411,"Ponerinae","","Anochetus","Yes",13.82,20.44,"Note"
"633","Archiponera","wheeleri",4971,"Ponerinae","None","Archiponera","Yes",33.9,37.2,"Note"
"634","Austroponera","schneideri",59088,"Ponerinae","None","Austroponera","Yes",20.44,23.03,"Note"
"635","Cephalopone","grandis",43781,"Ponerinae","None","Cephalopone","Yes",40.4,48.6,"Note"
"636","Cephalopone","potens",43781,"Ponerinae","None","Cephalopone","Yes",40.4,48.6,"Note"
"637","Cyrtopone","curiosa",43781,"Ponerinae","None","Cyrtopone","Yes",40.4,48.6,"Note"
"638","Cyrtopone","elongata",43781,"Ponerinae","None","Cyrtopone","Yes",40.4,48.6,"Note"
"639","Cyrtopone","microcephala",43781,"Ponerinae","None","Cyrtopone","Yes",40.4,48.6,"Note"
"640","Cyrtopone","striata",43781,"Ponerinae","None","Cyrtopone","Yes",40.4,48.6,"Note"
"641","Eogorgites","cingulatus",40725,"Ponerinae","None","Eogorgites","Yes",48.6,55.8,"Note"
"642","Eoponerites","longipetiolatus",40725,"Ponerinae","None","Eoponerites","Yes",48.6,55.8,"Note"
"643","Furcisutura","wanghuacunensis",40725,"Ponerinae","None","Furcisutura","Yes",48.6,55.8,"Note"
"644","Hypoponera","atavia",44414,"Ponerinae","None","Hypoponera","Yes",33.9,38,"Note"
"645","Hypoponera","scitula",49030,"Ponerinae","None","Hypoponera","Yes",2.588,5.333,"Note"
"646","Leptogenys","chinensis",16579,"Ponerinae","None","Leptogenys","Yes",11.608,15.97,"Note"
"647","Leptogenys","lacerata",16579,"Ponerinae","None","Leptogenys","Yes",11.608,15.97,"Note"
"648","Longicapitia","reticulata",40725,"Ponerinae","None","Longicapitia","Yes",48.6,55.8,"Note"
"649","Messelepone","leptogenoides",43781,"Ponerinae","None","Messelepone","Yes",40.4,48.6,"Note"
"650","Odontomachus","paleomyagra",53443,"Ponerinae","None","Odontomachus","Yes",16.9,20,"Note"
"651","Odontomachus","pseudobauri",44411,"Ponerinae","None","Odontomachus","Yes",13.82,20.44,"Note"
"652","Odontomachus","spinifer",44411,"Ponerinae","None","Odontomachus","Yes",13.82,20.44,"Note"
"653","Pachycondyla",NA,57466,"Ponerinae","None","Pachycondyla","Yes",15.97,23.03,"Note"
"654","Pachycondyla","aberrans",56094,"Ponerinae","None","Pachycondyla","Yes",33.9,38,"Note"
"655","Pachycondyla","baltica",44585,"Ponerinae","None","Pachycondyla","Yes",33.9,38,"Note"
"656","Pachycondyla","calcarea",38999,"Ponerinae","None","Pachycondyla","Yes",28.4,33.9,"Note"
"657","Pachycondyla","conservata",44602,"Ponerinae","None","Pachycondyla","Yes",33.9,38,"Note"
"658","Pachycondyla","dubia",38999,"Ponerinae","None","Pachycondyla","Yes",28.4,33.9,"Note"
"659","Pachycondyla","eocenica",43781,"Ponerinae","None","Pachycondyla","Yes",40.4,48.6,"Note"
"660","Pachycondyla","globiventris",38999,"Ponerinae","None","Pachycondyla","Yes",28.4,33.9,"Note"
"661","Pachycondyla","gracilicornis",44414,"Ponerinae","None","Pachycondyla","Yes",33.9,38,"Note"
"662","Pachycondyla","labandeirai",44418,"Ponerinae","None","Pachycondyla","Yes",46.2,50.3,"Note"
"663","Pachycondyla","lutzi",43781,"Ponerinae","None","Pachycondyla","Yes",40.4,48.6,"Note"
"664","Pachycondyla","messeliana",43781,"Ponerinae","None","Pachycondyla","Yes",40.4,48.6,"Note"
"665","Pachycondyla","minutansata",16579,"Ponerinae","None","Pachycondyla","Yes",11.608,15.97,"Note"
"666","Pachycondyla","nubeculata",16579,"Ponerinae","None","Pachycondyla","Yes",11.608,15.97,"Note"
"667","Pachycondyla","oligocenica",56094,"Ponerinae","None","Pachycondyla","Yes",33.9,38,"Note"
"668","Pachycondyla","parvula",43781,"Ponerinae","None","Pachycondyla","Yes",40.4,48.6,"Note"
"669","Pachycondyla","petiolosa",43781,"Ponerinae","None","Pachycondyla","Yes",40.4,48.6,"Note"
"670","Pachycondyla","petrosa",43781,"Ponerinae","None","Pachycondyla","Yes",40.4,48.6,"Note"
"671","Pachycondyla","succinea",44414,"Ponerinae","None","Pachycondyla","Yes",33.9,38,"Note"
"672","Pachycondyla","tristis",44602,"Ponerinae","None","Pachycondyla","Yes",33.9,38,"Note"
"673","Platythyrea","dentata",40294,"Ponerinae","None","Platythyrea","Yes",13.82,20.44,"Note"
"674","Platythyrea","dlusskyi",36397,"Ponerinae","None","Platythyrea","Yes",48.6,55.8,"Note"
"675","Platythyrea","primaeva",38999,"Ponerinae","None","Platythyrea","Yes",28.4,33.9,"Note"
"676","Platythyrea","procera",40294,"Ponerinae","None","Platythyrea","Yes",13.82,20.44,"Note"
"677","Platythyrea","pumilio",44623,"Ponerinae","None","Platythyrea","Yes",13.82,20.44,"Note"
"678","Platythyrea","scalprum",40294,"Ponerinae","None","Platythyrea","Yes",13.82,20.44,"Note"
"679","Ponera","elegantissima",54829,"Ponerinae","None","Ponera","Yes",23.03,28.4,"Note"
"680","Ponera","leptocephala",44518,"Ponerinae","None","Ponera","Yes",5.333,11.608,"Note"
"681","Ponera","lobulifera",44602,"Ponerinae","None","Ponera","Yes",33.9,38,"Note"
"682","Ponera","mayri",44602,"Ponerinae","None","Ponera","Yes",33.9,38,"Note"
"683","Ponera","wheeleri",44602,"Ponerinae","None","Ponera","Yes",33.9,38,"Note"
"684","Ponerinae",NA,36397,"Ponerinae","None","None","Yes",47.8,56,"Note"
"685","Ponerites",NA,51861,"Ponerinae","None","Ponerites","Yes",33.9,38,"Note"
"686","Ponerites","antropovi",51861,"Ponerinae","None","Ponerites","Yes",33.9,38,"Note"
"687","Ponerites","atavinus",37344,"Ponerinae","None","Ponerites","Yes",11.608,12.7,"Note"
"688","Ponerites","coloradensis",44418,"Ponerinae","None","Ponerites","Yes",46.2,50.3,"Note"
"689","Ponerites","crawleyi",5061,"Ponerinae","None","Ponerites","Yes",33.9,38,"Note"
"690","Ponerites","elongatus",38709,"Ponerinae","None","Ponerites","Yes",11.608,12.7,"Note"
"691","Ponerites","eocenicus",44418,"Ponerinae","None","Ponerites","Yes",46.2,50.3,"Note"
"692","Ponerites","gracilior",38709,"Ponerinae","None","Ponerites","Yes",11.608,12.7,"Note"
"693","Ponerites","hooleyi",51861,"Ponerinae","None","Ponerites","Yes",33.9,38,"Note"
"694","Ponerites","hypoponeroides",44418,"Ponerinae","None","Ponerites","Yes",46.2,50.3,"Note"
"695","Ponerites","kishenehne",55770,"Ponerinae","None","Ponerites","Yes",41.3,47.8,"Note"
"696","Ponerites","nitidus",37344,"Ponerinae","None","Ponerites","Yes",11.608,12.7,"Note"
"697","Ponerites","oblongiceps",51760,"Ponerinae","None","Ponerites","Yes",11.608,12.7,"Note"
"698","Ponerites","tenuis",38709,"Ponerinae","None","Ponerites","Yes",11.608,12.7,"Note"
"699","Ponerites","umbrus",44457,"Ponerinae","None","Ponerites","Yes",11.608,15.97,"Note"
"700","Poneropsis","crassinervis",37344,"Ponerinae","None","Poneropsis","Yes",12.7,13.65,"Note"
"701","Poneropsis","escheri",38709,"Ponerinae","None","Poneropsis","Yes",11.608,12.7,"Note"
"702","Poneropsis","fuliginosa",37344,"Ponerinae","None","Poneropsis","Yes",11.608,12.7,"Note"
"703","Poneropsis","globosa",37344,"Ponerinae","None","Poneropsis","Yes",11.608,12.7,"Note"
"704","Poneropsis","longaeva",37344,"Ponerinae","None","Poneropsis","Yes",11.608,12.7,"Note"
"705","Poneropsis","rhenana",44626,"Ponerinae","None","Poneropsis","Yes",23.03,28.4,"Note"
"706","Poneropsis","stygia",38709,"Ponerinae","None","Poneropsis","Yes",11.608,12.7,"Note"
"707","Poneropsis","veneraria",47508,"Ponerinae","None","Poneropsis","Yes",11.608,12.7,"Note"
"708","Poneropsis","ventrosa",37344,"Ponerinae","None","Poneropsis","Yes",11.608,12.7,"Note"
"709","Protopone","dubia",43781,"Ponerinae","None","Protopone","Yes",40.4,48.6,"Note"
"710","Protopone","germanica",43781,"Ponerinae","None","Protopone","Yes",40.4,48.6,"Note"
"711","Protopone","magna",43781,"Ponerinae","None","Protopone","Yes",40.4,48.6,"Note"
"712","Protopone","oculata",43781,"Ponerinae","None","Protopone","Yes",40.4,48.6,"Note"
"713","Protopone","primigena",44404,"Ponerinae","None","Protopone","Yes",41.3,47.8,"Note"
"714","Protopone","sepulta",43781,"Ponerinae","None","Protopone","Yes",40.4,48.6,"Note"
"715","Protopone","vetula",43781,"Ponerinae","None","Protopone","Yes",40.4,48.6,"Note"
"716","Taphopone","aberrans",51861,"Ponerinae","None","Taphopone","Yes",33.9,38,"Note"
"717","Taphopone","karaganensis",41286,"Ponerinae","None","Taphopone","Yes",11.608,15.97,"Note"
"718","Taphopone","macroptera",51861,"Ponerinae","None","Taphopone","Yes",33.9,38,"Note"
"719","Taphopone","microptera",51861,"Ponerinae","None","Taphopone","Yes",33.9,38,"Note"
"720","Taphopone","petrosa",51861,"Ponerinae","None","Taphopone","Yes",33.9,38,"Note"
"721","Taphopone","stauropolitanus",41286,"Ponerinae","None","Taphopone","Yes",11.608,15.97,"Note"
"722","Bradoponera",NA,44437,"Proceratiinae","None","Bradoponera","Yes",33.9,38,"Note"
"723","Bradoponera","electrina",44437,"Proceratiinae","None","Bradoponera","Yes",33.9,38,"Note"
"724","Bradoponera","meieri",44414,"Proceratiinae","None","Bradoponera","Yes",33.9,38,"Note"
"725","Bradoponera","similis",44602,"Proceratiinae","None","Bradoponera","Yes",33.9,38,"Note"
"726","Bradoponera","wunderlichi",44437,"Proceratiinae","None","Bradoponera","Yes",33.9,38,"Note"
"727","Discothyrea","gigas",44527,"Proceratiinae","None","Discothyrea","Yes",13.82,20.44,"Note"
"728","Discothyrea","maya",44527,"Proceratiinae","None","Discothyrea","Yes",15.97,23.03,"Note"
"729","Proceratium","denticulatum",44629,"Proceratiinae","None","Proceratium","Yes",13.82,20.44,"Note"
"730","Proceratium","dominicanum",40049,"Proceratiinae","None","Proceratium","Yes",13.82,20.44,"Note"
"731","Proceratium","eocenicum",44602,"Proceratiinae","None","Proceratium","Yes",33.9,38,"Note"
"732","Proceratium","gibberum",40049,"Proceratiinae","None","Proceratium","Yes",13.82,20.44,"Note"
"733","Proceratium","petrosum",56094,"Proceratiinae","None","Proceratium","Yes",33.9,38,"Note"
"734","Proceratium","poinari",40049,"Proceratiinae","None","Proceratium","Yes",13.82,20.44,"Note"
"735","Pseudomyrmex","antiquus",44631,"Pseudomyrmecinae","None","Pseudomyrmex","Yes",13.82,20.44,"Note"
"736","Pseudomyrmex","avitus",44631,"Pseudomyrmecinae","None","Pseudomyrmex","Yes",13.82,20.44,"Note"
"737","Pseudomyrmex","baros",44631,"Pseudomyrmecinae","None","Pseudomyrmex","Yes",13.82,20.44,"Note"
"738","Pseudomyrmex","coruscus",44631,"Pseudomyrmecinae","None","Pseudomyrmex","Yes",13.82,20.44,"Note"
"739","Pseudomyrmex","extinctus",4971,"Pseudomyrmecinae","None","Pseudomyrmex","Yes",33.9,37.2,"Note"
"740","Pseudomyrmex","macrops",44631,"Pseudomyrmecinae","None","Pseudomyrmex","Yes",13.82,20.44,"Note"
"741","Pseudomyrmex","nexilis",44631,"Pseudomyrmecinae","None","Pseudomyrmex","Yes",13.82,20.44,"Note"
"742","Pseudomyrmex","oryctus",44631,"Pseudomyrmecinae","None","Pseudomyrmex","Yes",13.82,20.44,"Note"
"743","Pseudomyrmex","prioris",44631,"Pseudomyrmecinae","None","Pseudomyrmex","Yes",13.82,20.44,"Note"
"744","Pseudomyrmex","saxulum",55770,"Pseudomyrmecinae","None","Pseudomyrmex","Yes",41.3,47.8,"Note"
"745","Pseudomyrmex","simplex",44631,"Pseudomyrmecinae","None","Pseudomyrmex","Yes",0,0.0117,"Note"
"746","Pseudomyrmex","succinus",44631,"Pseudomyrmecinae","None","Pseudomyrmex","Yes",13.82,20.44,"Note"
"747","Pseudomyrmex","thecolor",44631,"Pseudomyrmecinae","None","Pseudomyrmex","Yes",13.82,20.44,"Note"
"748","Pseudomyrmex","vicinus",44631,"Pseudomyrmecinae","None","Pseudomyrmex","Yes",13.82,20.44,"Note"
"749","Tetraponera","europaea",44602,"Pseudomyrmecinae","None","Tetraponera","Yes",33.9,38,"Note"
"750","Tetraponera","groehni",44602,"Pseudomyrmecinae","None","Tetraponera","Yes",33.9,38,"Note"
"751","Tetraponera","klebsi",38999,"Pseudomyrmecinae","None","Tetraponera","Yes",28.4,33.9,"Note"
"752","Tetraponera","lacrimarum",40999,"Pseudomyrmecinae","None","Tetraponera","Yes",33.9,38,"Note"
"753","Tetraponera","ocellata",44414,"Pseudomyrmecinae","None","Tetraponera","Yes",33.9,38,"Note"
"754","Tetraponera","oligocenica",38999,"Pseudomyrmecinae","None","Tetraponera","Yes",33.9,37.2,"Note"
"755","Tetraponera","simplex",44414,"Pseudomyrmecinae","None","Tetraponera","Yes",33.9,38,"Note"
"756","Gerontoformica",NA,58266,"Sphecomyrminae","None","Gerontoformica","Yes",93.5,99.6,"Note"
"757","Gerontoformica","contegus",50661,"Sphecomyrminae","None","Gerontoformica","Yes",93.5,99.6,"Note"
"758","Gerontoformica","cretacica",35083,"Sphecomyrminae","None","Gerontoformica","Yes",99.6,105.3,"Note"
"759","Gerontoformica","gracilis",50661,"Sphecomyrminae","None","Gerontoformica","Yes",93.5,99.6,"Note"
"760","Gerontoformica","magnus",50661,"Sphecomyrminae","None","Gerontoformica","Yes",93.5,99.6,"Note"
"761","Gerontoformica","maraudera",58266,"Sphecomyrminae","None","Gerontoformica","Yes",93.5,99.6,"Note"
"762","Gerontoformica","occidentalis",44281,"Sphecomyrminae","None","Gerontoformica","Yes",93.5,99.6,"Note"
"763","Gerontoformica","orientalis",36535,"Sphecomyrminae","None","Gerontoformica","Yes",93.5,99.6,"Note"
"764","Gerontoformica","pilosus",50661,"Sphecomyrminae","None","Gerontoformica","Yes",93.5,99.6,"Note"
"765","Gerontoformica","robustus",50661,"Sphecomyrminae","None","Gerontoformica","Yes",93.5,99.6,"Note"
"766","Gerontoformica","rugosus",50661,"Sphecomyrminae","None","Gerontoformica","Yes",93.5,99.6,"Note"
"767","Gerontoformica","spiralis",50661,"Sphecomyrminae","None","Gerontoformica","Yes",93.5,99.6,"Note"
"768","Gerontoformica","subcuspis",50661,"Sphecomyrminae","None","Gerontoformica","Yes",93.5,99.6,"Note"
"769","Gerontoformica","tendir",50661,"Sphecomyrminae","None","Gerontoformica","Yes",93.5,99.6,"Note"
"770","Haidomyrmex","cerberus",39313,"Sphecomyrminae","None","Haidomyrmex","Yes",93.5,99.6,"Note"
"771","Haidomyrmex","scimitarus",44280,"Sphecomyrminae","None","Haidomyrmex","Yes",93.5,99.6,"Note"
"772","Haidomyrmex","zigrasi",44280,"Sphecomyrminae","None","Haidomyrmex","Yes",93.5,99.6,"Note"
"773","Haidomyrmodes","mammuthus",44281,"Sphecomyrminae","None","Haidomyrmodes","Yes",99.6,105.3,"Note"
"774","Haidoterminus","cippus",47973,"Sphecomyrminae","None","Haidoterminus","Yes",70.6,83.5,"Note"
"775","Sphecomyrminae",NA,36535,"Sphecomyrminae","None","Sphecomyrminae","Yes",89.8,93.9,"Note"
"776","Sphecomyrminae","canadensis",38990,"Sphecomyrminae","None","Sphecomyrminae","Yes",70.6,83.5,"Note"
"777","Sphecomyrminae","freyi",36535,"Sphecomyrminae","None","Sphecomyrminae","Yes",89.8,93.9,"Note"
"778","Sphecomyrminae","mesaki",36535,"Sphecomyrminae","None","Sphecomyrminae","Yes",89.8,93.9,"Note"
"779","Zigrasimecia","ferox",50003,"Sphecomyrminae","None","Zigrasimecia","Yes",93.5,99.6,"Note"
"780","Zigrasimecia","tonsora",47310,"Sphecomyrminae","None","Zigrasimecia","Yes",93.5,99.6,"Note"
"781","Baikuris",NA,48703,"Sphecomyrminae","None","Baikuris","Yes",72.1,83.6,"Note"
"782","Baikuris","casei",5815,"Sphecomyrminae","None","Baikuris","Yes",89.8,93.9,"Note"
"783","Baikuris","mandibularis",39885,"Sphecomyrminae","None","Baikuris","Yes",83.6,89.8,"Note"
"784","Baikuris","maximus",53728,"Sphecomyrminae","None","Baikuris","Yes",99.6,105.3,"Note"
"785","Baikuris","mirabilis",39885,"Sphecomyrminae","None","Baikuris","Yes",83.6,89.8,"Note"
"786","Ceratomyrmex","ellenbergeri",59331,"Sphecomyrminae","None","Ceratomyrmex","Yes",93.5,99.6,"Stem Ant"
"787","Cretomyrma","arnoldii",37059,"Sphecomyrminae","None","Cretomyrma","Yes",83.6,86.3,"Stem Ant"
"788","Cretomyrma","unicornis",37059,"Sphecomyrminae","None","Cretomyrma","Yes",83.6,86.3,"Stem Ant"
"789","Dlusskyidris","zherichini",37059,"Sphecomyrminae","None","Dlusskyidris","Yes",83.6,86.3,"Note"
